<?xml version="1.0" encoding="iso-8859-1"?>
<satellites>
	<sat name="02 Astra 19.2E" flags="5" position="192">
		<transponder frequency="10729000" symbol_rate="22000000" polarization="1" fec_inner="2" inversion="2" modulation="2" system="1" pilot="2" rolloff="0"/>
		<transponder frequency="10714000" symbol_rate="22000000" polarization="0" fec_inner="4" inversion="2" modulation="0" system="0"/>
		<transponder frequency="10744000" symbol_rate="22000000" polarization="0" fec_inner="4" inversion="2" modulation="1" system="0"/>
		<transponder frequency="10758000" symbol_rate="22000000" polarization="1" fec_inner="4" inversion="2" modulation="0" system="0"/>
		<transponder frequency="10773000" symbol_rate="22000000" polarization="0" fec_inner="2" inversion="2" modulation="2" system="1" pilot="2" rolloff="0"/>
		<transponder frequency="10788000" symbol_rate="22000000" polarization="1" fec_inner="4" inversion="2" modulation="1" system="0"/>
		<transponder frequency="10802000" symbol_rate="22000000" polarization="0" fec_inner="4" inversion="2" modulation="0" system="0"/>
		<transponder frequency="10818000" symbol_rate="22000000" polarization="1" fec_inner="2" inversion="2" modulation="2" system="1" pilot="2" rolloff="0"/>
		<transponder frequency="10832000" symbol_rate="22000000" polarization="0" fec_inner="2" inversion="2" modulation="2" system="1" pilot="2" rolloff="0"/>
		<transponder frequency="10847000" symbol_rate="22000000" polarization="1" fec_inner="4" inversion="2" modulation="1" system="0"/>
		<transponder frequency="10862000" symbol_rate="22000000" polarization="0" fec_inner="5" inversion="2" modulation="1" system="0"/>
		<transponder frequency="10876000" symbol_rate="22000000" polarization="1" fec_inner="4" inversion="2" modulation="1" system="0"/>
		<transponder frequency="10891000" symbol_rate="22000000" polarization="0" fec_inner="2" inversion="2" modulation="2" system="1" pilot="2" rolloff="0"/>
		<transponder frequency="10906000" symbol_rate="22000000" polarization="1" fec_inner="2" inversion="2" modulation="2" system="1" pilot="2" rolloff="0"/>
		<transponder frequency="10920000" symbol_rate="22000000" polarization="0" fec_inner="5" inversion="2" modulation="2" system="0"/>
		<transponder frequency="10935000" symbol_rate="22000000" polarization="1" fec_inner="2" inversion="2" modulation="2" system="1" pilot="2" rolloff="0"/>
		<transponder frequency="10964000" symbol_rate="22000000" polarization="0" fec_inner="4" inversion="2" modulation="0" system="0"/>
		<transponder frequency="10979000" symbol_rate="22000000" polarization="1" fec_inner="4" inversion="2" modulation="1" system="0"/>
		<transponder frequency="10995000" symbol_rate="22000000" polarization="0" fec_inner="4" inversion="2" modulation="1" system="1" pilot="2" rolloff="0"/>
		<transponder frequency="11009000" symbol_rate="23500000" polarization="1" fec_inner="2" inversion="2" modulation="2" system="1" pilot="2" rolloff="0"/>
		<transponder frequency="11023000" symbol_rate="22000000" polarization="0" fec_inner="2" inversion="2" modulation="2" system="1" pilot="2" rolloff="0"/>
		<transponder frequency="11038000" symbol_rate="22000000" polarization="1" fec_inner="4" inversion="2" modulation="1" system="0"/>
		<transponder frequency="11052000" symbol_rate="22000000" polarization="0" fec_inner="4" inversion="2" modulation="0" system="0"/>
		<transponder frequency="11067000" symbol_rate="22000000" polarization="1" fec_inner="4" inversion="2" modulation="0" system="0"/>
		<transponder frequency="11082000" symbol_rate="22000000" polarization="0" fec_inner="3" inversion="2" modulation="2" system="1" pilot="2" rolloff="0"/>
		<transponder frequency="11097000" symbol_rate="22000000" polarization="1" fec_inner="4" inversion="2" modulation="1" system="0"/>
		<transponder frequency="11111000" symbol_rate="22000000" polarization="0" fec_inner="4" inversion="2" modulation="0" system="0"/>
		<transponder frequency="11127000" symbol_rate="22000000" polarization="1" fec_inner="2" inversion="2" modulation="2" system="1" pilot="2" rolloff="0"/>
		<transponder frequency="11141000" symbol_rate="22000000" polarization="0" fec_inner="4" inversion="2" modulation="0" system="0"/>
		<transponder frequency="11156000" symbol_rate="22000000" polarization="1" fec_inner="4" inversion="2" modulation="1" system="0"/>
		<transponder frequency="11171000" symbol_rate="22000000" polarization="0" fec_inner="2" inversion="2" modulation="2" system="1" pilot="2" rolloff="0"/>
		<transponder frequency="11185000" symbol_rate="22000000" polarization="1" fec_inner="4" inversion="2" modulation="0" system="0"/>
		<transponder frequency="11214000" symbol_rate="22000000" polarization="0" fec_inner="4" inversion="2" modulation="0" system="0"/>
		<transponder frequency="11229000" symbol_rate="22000000" polarization="0" fec_inner="4" inversion="2" modulation="0" system="0"/>
		<transponder frequency="11243000" symbol_rate="22000000" polarization="0" fec_inner="4" inversion="2" modulation="0" system="0"/>
		<transponder frequency="11259000" symbol_rate="22000000" polarization="1" fec_inner="2" inversion="2" modulation="2" system="1" pilot="2" rolloff="0"/>
		<transponder frequency="11273000" symbol_rate="22000000" polarization="0" fec_inner="4" inversion="2" modulation="0" system="0"/>
		<transponder frequency="11288000" symbol_rate="22000000" polarization="1" fec_inner="4" inversion="2" modulation="0" system="0"/>
		<transponder frequency="11303000" symbol_rate="22000000" polarization="0" fec_inner="2" inversion="2" modulation="2" system="1" pilot="2" rolloff="0"/>
		<transponder frequency="11318000" symbol_rate="22000000" polarization="1" fec_inner="4" inversion="2" modulation="1" system="0"/>
		<transponder frequency="11332000" symbol_rate="22000000" polarization="0" fec_inner="3" inversion="2" modulation="0" system="0"/>
		<transponder frequency="11347000" symbol_rate="22000000" polarization="1" fec_inner="4" inversion="2" modulation="2" system="1" pilot="2" rolloff="0"/>
		<transponder frequency="11362000" symbol_rate="22000000" polarization="0" fec_inner="2" inversion="2" modulation="2" system="1" pilot="2" rolloff="0"/>
		<transponder frequency="11377000" symbol_rate="22000000" polarization="1" fec_inner="2" inversion="2" modulation="2" system="1" pilot="2" rolloff="0"/>
		<transponder frequency="11391000" symbol_rate="22000000" polarization="0" fec_inner="4" inversion="2" modulation="0" system="0"/>
		<transponder frequency="11406000" symbol_rate="22000000" polarization="1" fec_inner="4" inversion="2" modulation="0" system="0"/>
		<transponder frequency="11421000" symbol_rate="22000000" polarization="0" fec_inner="4" inversion="2" modulation="0" system="0"/>
		<transponder frequency="11436000" symbol_rate="22000000" polarization="1" fec_inner="2" inversion="2" modulation="2" system="1" pilot="2" rolloff="0"/>
		<transponder frequency="11464000" symbol_rate="22000000" polarization="0" fec_inner="2" inversion="2" modulation="2" system="1" pilot="2" rolloff="0"/>
		<transponder frequency="11479000" symbol_rate="22000000" polarization="1" fec_inner="4" inversion="2" modulation="1" system="0"/>
		<transponder frequency="11494000" symbol_rate="22000000" polarization="0" fec_inner="2" inversion="2" modulation="2" system="1" pilot="2" rolloff="0"/>
		<transponder frequency="11508000" symbol_rate="22000000" polarization="1" fec_inner="4" inversion="2" modulation="1" system="0"/>
		<transponder frequency="11523000" symbol_rate="22000000" polarization="0" fec_inner="4" inversion="2" modulation="0" system="0"/>
		<transponder frequency="11538000" symbol_rate="22000000" polarization="1" fec_inner="4" inversion="2" modulation="1" system="0"/>
		<transponder frequency="11552000" symbol_rate="22000000" polarization="0" fec_inner="4" inversion="2" modulation="0" system="0"/>
		<transponder frequency="11567000" symbol_rate="22000000" polarization="1" fec_inner="2" inversion="2" modulation="2" system="1" pilot="2" rolloff="0"/>
		<transponder frequency="11582000" symbol_rate="22000000" polarization="0" fec_inner="2" inversion="2" modulation="2" system="1" pilot="2" rolloff="0"/>
		<transponder frequency="11597000" symbol_rate="22000000" polarization="1" fec_inner="4" inversion="2" modulation="1" system="0"/>
		<transponder frequency="11612000" symbol_rate="22000000" polarization="0" fec_inner="4" inversion="2" modulation="0" system="0"/>
		<transponder frequency="11627000" symbol_rate="22000000" polarization="1" fec_inner="2" inversion="2" modulation="2" system="1" pilot="2" rolloff="0"/>
		<transponder frequency="11641000" symbol_rate="22000000" polarization="0" fec_inner="2" inversion="2" modulation="2" system="1" pilot="2" rolloff="0"/>
		<transponder frequency="11656000" symbol_rate="22000000" polarization="1" fec_inner="4" inversion="2" modulation="0" system="0"/>
		<transponder frequency="11670000" symbol_rate="22000000" polarization="0" fec_inner="2" inversion="2" modulation="2" system="1" pilot="2" rolloff="0"/>
		<transponder frequency="11685000" symbol_rate="22000000" polarization="1" fec_inner="4" inversion="2" modulation="1" system="0"/>
		<transponder frequency="11719000" symbol_rate="27500000" polarization="0" fec_inner="3" inversion="2" modulation="1" system="0"/>
		<transponder frequency="11739000" symbol_rate="27500000" polarization="1" fec_inner="3" inversion="2" modulation="1" system="0"/>
		<transponder frequency="11758000" symbol_rate="27500000" polarization="0" fec_inner="3" inversion="2" modulation="1" system="0"/>
		<transponder frequency="11778000" symbol_rate="27500000" polarization="1" fec_inner="3" inversion="2" modulation="1" system="0"/>
		<transponder frequency="11797000" symbol_rate="27500000" polarization="0" fec_inner="3" inversion="2" modulation="1" system="0"/>
		<transponder frequency="11817000" symbol_rate="27500000" polarization="1" fec_inner="3" inversion="2" modulation="1" system="0"/>
		<transponder frequency="11836000" symbol_rate="27500000" polarization="0" fec_inner="3" inversion="2" modulation="1" system="0"/>
		<transponder frequency="11856000" symbol_rate="27500000" polarization="1" fec_inner="3" inversion="2" modulation="1" system="0"/>
		<transponder frequency="11875000" symbol_rate="27500000" polarization="0" fec_inner="3" inversion="2" modulation="1" system="0"/>
		<transponder frequency="11895000" symbol_rate="27500000" polarization="1" fec_inner="3" inversion="2" modulation="1" system="0"/>
		<transponder frequency="11914000" symbol_rate="27500000" polarization="0" fec_inner="0" inversion="2" modulation="1" system="1" pilot="2" rolloff="0"/>
		<transponder frequency="11934000" symbol_rate="27500000" polarization="1" fec_inner="3" inversion="2" modulation="1" system="0"/>
		<transponder frequency="11953000" symbol_rate="27500000" polarization="0" fec_inner="3" inversion="2" modulation="1" system="0"/>
		<transponder frequency="11973000" symbol_rate="27500000" polarization="1" fec_inner="3" inversion="2" modulation="1" system="0"/>
		<transponder frequency="11992000" symbol_rate="27500000" polarization="0" fec_inner="0" inversion="2" modulation="1" system="1" pilot="2" rolloff="0"/>
		<transponder frequency="12012000" symbol_rate="29700000" polarization="1" fec_inner="2" inversion="2" modulation="2" system="1" pilot="2" rolloff="0"/>
		<transponder frequency="12031000" symbol_rate="27500000" polarization="0" fec_inner="3" inversion="2" modulation="1" system="0"/>
		<transponder frequency="12051000" symbol_rate="27500000" polarization="1" fec_inner="3" inversion="2" modulation="1" system="0"/>
		<transponder frequency="12070000" symbol_rate="27500000" polarization="0" fec_inner="3" inversion="2" modulation="1" system="0"/>
		<transponder frequency="12090000" symbol_rate="27500000" polarization="1" fec_inner="2" inversion="2" modulation="2" system="1" pilot="2" rolloff="0"/>
		<transponder frequency="12109000" symbol_rate="27500000" polarization="0" fec_inner="3" inversion="2" modulation="1" system="0"/>
		<transponder frequency="12129000" symbol_rate="27500000" polarization="1" fec_inner="3" inversion="2" modulation="1" system="0"/>
		<transponder frequency="12148000" symbol_rate="27500000" polarization="0" fec_inner="3" inversion="2" modulation="1" system="0"/>
		<transponder frequency="12168000" symbol_rate="29700000" polarization="1" fec_inner="2" inversion="2" modulation="2" system="1" pilot="2" rolloff="0"/>
		<transponder frequency="12187000" symbol_rate="27500000" polarization="0" fec_inner="3" inversion="2" modulation="1" system="0"/>
		<transponder frequency="12207000" symbol_rate="29700000" polarization="1" fec_inner="2" inversion="2" modulation="2" system="1" pilot="2" rolloff="0"/>
		<transponder frequency="12226000" symbol_rate="27500000" polarization="0" fec_inner="3" inversion="2" modulation="1" system="0"/>
		<transponder frequency="12246000" symbol_rate="29700000" polarization="1" fec_inner="2" inversion="2" modulation="2" system="1" pilot="2" rolloff="0"/>
		<transponder frequency="12265000" symbol_rate="27500000" polarization="0" fec_inner="3" inversion="2" modulation="1" system="0"/>
		<transponder frequency="12285000" symbol_rate="27500000" polarization="1" fec_inner="3" inversion="2" modulation="1" system="0"/>
		<transponder frequency="12304000" symbol_rate="27500000" polarization="0" fec_inner="0" inversion="2" modulation="1" system="1" pilot="2" rolloff="0"/>
		<transponder frequency="12324000" symbol_rate="27500000" polarization="1" fec_inner="3" inversion="2" modulation="1" system="0"/>
		<transponder frequency="12343000" symbol_rate="27500000" polarization="0" fec_inner="3" inversion="2" modulation="1" system="0"/>
		<transponder frequency="12363000" symbol_rate="27500000" polarization="1" fec_inner="3" inversion="2" modulation="1" system="0"/>
		<transponder frequency="12382000" symbol_rate="27500000" polarization="0" fec_inner="0" inversion="2" modulation="1" system="1" pilot="2" rolloff="0"/>
		<transponder frequency="12402000" symbol_rate="27500000" polarization="1" fec_inner="3" inversion="2" modulation="1" system="0"/>
		<transponder frequency="12421000" symbol_rate="27500000" polarization="0" fec_inner="3" inversion="2" modulation="1" system="0"/>
		<transponder frequency="12441000" symbol_rate="29700000" polarization="1" fec_inner="2" inversion="2" modulation="2" system="1" pilot="2" rolloff="0"/>
		<transponder frequency="12460000" symbol_rate="27500000" polarization="0" fec_inner="3" inversion="2" modulation="1" system="0"/>
		<transponder frequency="12480000" symbol_rate="27500000" polarization="1" fec_inner="3" inversion="2" modulation="1" system="0"/>
		<transponder frequency="12515000" symbol_rate="22000000" polarization="0" fec_inner="4" inversion="2" modulation="1" system="0"/>
		<transponder frequency="12522000" symbol_rate="22000000" polarization="1" fec_inner="2" inversion="2" modulation="2" system="1" pilot="2" rolloff="0"/>
		<transponder frequency="12544000" symbol_rate="22000000" polarization="0" fec_inner="4" inversion="2" modulation="1" system="0"/>
		<transponder frequency="12551000" symbol_rate="22000000" polarization="1" fec_inner="4" inversion="2" modulation="1" system="0"/>
		<transponder frequency="12574000" symbol_rate="22000000" polarization="0" fec_inner="4" inversion="2" modulation="1" system="0"/>
		<transponder frequency="12580000" symbol_rate="22000000" polarization="1" fec_inner="4" inversion="2" modulation="2" system="0"/>
		<transponder frequency="12603000" symbol_rate="22000000" polarization="0" fec_inner="4" inversion="2" modulation="1" system="0"/>
		<transponder frequency="12610000" symbol_rate="22000000" polarization="1" fec_inner="4" inversion="2" modulation="1" system="0"/>
		<transponder frequency="12633000" symbol_rate="22000000" polarization="0" fec_inner="4" inversion="2" modulation="1" system="0"/>
		<transponder frequency="12640000" symbol_rate="22000000" polarization="1" fec_inner="4" inversion="2" modulation="1" system="0"/>
		<transponder frequency="12662000" symbol_rate="22000000" polarization="0" fec_inner="4" inversion="2" modulation="1" system="0"/>
		<transponder frequency="12669000" symbol_rate="22000000" polarization="1" fec_inner="2" inversion="2" modulation="2" system="1" pilot="2" rolloff="0"/>
		<transponder frequency="12692000" symbol_rate="22000000" polarization="0" fec_inner="4" inversion="2" modulation="1" system="0"/>
		<transponder frequency="12699000" symbol_rate="22000000" polarization="1" fec_inner="4" inversion="2" modulation="1" system="0"/>
		<transponder frequency="12721000" symbol_rate="22000000" polarization="0" fec_inner="3" inversion="2" modulation="2" system="1" pilot="2" rolloff="1"/>
		<transponder frequency="12728000" symbol_rate="22000000" polarization="1" fec_inner="4" inversion="2" modulation="1" system="0"/>
	</sat>
	<sat name="01 Hot Bird 13.0E" flags="5" position="130">
		<transponder frequency="10719000" symbol_rate="27500000" polarization="1" fec_inner="4" inversion="2" modulation="1" system="0"/>
		<transponder frequency="10723000" symbol_rate="29900000" polarization="0" fec_inner="3" inversion="2" modulation="1" system="0"/>
		<transponder frequency="10758000" symbol_rate="27500000" polarization="1" fec_inner="3" inversion="2" modulation="2" system="1" pilot="2" rolloff="0"/>
		<transponder frequency="10775000" symbol_rate="29900000" polarization="0" fec_inner="3" inversion="2" modulation="2" system="1" pilot="2" rolloff="0"/>
		<transponder frequency="10796000" symbol_rate="27500000" polarization="1" fec_inner="4" inversion="2" modulation="1" system="0"/>
		<transponder frequency="10815000" symbol_rate="27500000" polarization="0" fec_inner="4" inversion="2" modulation="1" system="0"/>
		<transponder frequency="10829000" symbol_rate="3333000" polarization="0" fec_inner="3" inversion="2" modulation="0" system="0"/>
		<transponder frequency="10834000" symbol_rate="27500000" polarization="1" fec_inner="3" inversion="2" modulation="2" system="1" pilot="2" rolloff="0"/>
		<transponder frequency="10853000" symbol_rate="29900000" polarization="0" fec_inner="3" inversion="2" modulation="2" system="1" pilot="2" rolloff="0"/>
		<transponder frequency="10873000" symbol_rate="27500000" polarization="1" fec_inner="3" inversion="2" modulation="1" system="0"/>
		<transponder frequency="10892000" symbol_rate="27500000" polarization="0" fec_inner="3" inversion="2" modulation="1" system="0"/>
		<transponder frequency="10911000" symbol_rate="27500000" polarization="1" fec_inner="3" inversion="2" modulation="2" system="1" pilot="2" rolloff="0"/>
		<transponder frequency="10921000" symbol_rate="23000000" polarization="0" fec_inner="0" inversion="2" modulation="1" system="1" pilot="2" rolloff="0"/>
		<transponder frequency="10930000" symbol_rate="29900000" polarization="0" fec_inner="3" inversion="2" modulation="1" system="0"/>
		<transponder frequency="10949000" symbol_rate="27500000" polarization="1" fec_inner="3" inversion="2" modulation="1" system="0"/>
		<transponder frequency="10971000" symbol_rate="29700000" polarization="0" fec_inner="2" inversion="2" modulation="2" system="1" pilot="2" rolloff="0"/>
		<transponder frequency="10992000" symbol_rate="27500000" polarization="1" fec_inner="2" inversion="2" modulation="1" system="0"/>
		<transponder frequency="11013000" symbol_rate="27500000" polarization="0" fec_inner="2" inversion="2" modulation="2" system="1" pilot="2" rolloff="0"/>
		<transponder frequency="11034000" symbol_rate="27500000" polarization="1" fec_inner="3" inversion="2" modulation="1" system="0"/>
		<transponder frequency="11054000" symbol_rate="27500000" polarization="0" fec_inner="4" inversion="2" modulation="1" system="0"/>
		<transponder frequency="11075000" symbol_rate="27500000" polarization="1" fec_inner="3" inversion="2" modulation="1" system="0"/>
		<transponder frequency="11096000" symbol_rate="29900000" polarization="0" fec_inner="2" inversion="2" modulation="2" system="1" pilot="2" rolloff="0"/>
		<transponder frequency="11117000" symbol_rate="27500000" polarization="1" fec_inner="3" inversion="2" modulation="1" system="0"/>
		<transponder frequency="11137000" symbol_rate="27500000" polarization="0" fec_inner="3" inversion="2" modulation="1" system="0"/>
		<transponder frequency="11158000" symbol_rate="27500000" polarization="1" fec_inner="4" inversion="2" modulation="1" system="0"/>
		<transponder frequency="11179000" symbol_rate="27500000" polarization="0" fec_inner="3" inversion="2" modulation="1" system="0"/>
		<transponder frequency="11200000" symbol_rate="27500000" polarization="1" fec_inner="4" inversion="2" modulation="1" system="0"/>
		<transponder frequency="11219000" symbol_rate="29900000" polarization="0" fec_inner="4" inversion="2" modulation="1" system="0"/>
		<transponder frequency="11240000" symbol_rate="27500000" polarization="1" fec_inner="3" inversion="2" modulation="1" system="0"/>
		<transponder frequency="11258000" symbol_rate="27500000" polarization="0" fec_inner="3" inversion="2" modulation="2" system="1" pilot="2" rolloff="0"/>
		<transponder frequency="11278000" symbol_rate="27500000" polarization="1" fec_inner="3" inversion="2" modulation="0" system="1" pilot="2" rolloff="0"/>
		<transponder frequency="11283000" symbol_rate="27500000" polarization="1" fec_inner="3" inversion="2" modulation="2" system="1" pilot="2" rolloff="0"/>
		<transponder frequency="11296000" symbol_rate="27500000" polarization="0" fec_inner="3" inversion="2" modulation="1" system="0"/>
		<transponder frequency="11319000" symbol_rate="27500000" polarization="1" fec_inner="3" inversion="2" modulation="1" system="0"/>
		<transponder frequency="11334000" symbol_rate="27500000" polarization="0" fec_inner="3" inversion="2" modulation="2" system="1" pilot="2" rolloff="0"/>
		<transponder frequency="11355000" symbol_rate="29900000" polarization="1" fec_inner="4" inversion="2" modulation="1" system="0"/>
		<transponder frequency="11373000" symbol_rate="29900000" polarization="0" fec_inner="3" inversion="2" modulation="1" system="0"/>
		<transponder frequency="11393000" symbol_rate="27500000" polarization="1" fec_inner="4" inversion="2" modulation="1" system="0"/>
		<transponder frequency="11411000" symbol_rate="27500000" polarization="0" fec_inner="4" inversion="2" modulation="2" system="1" pilot="2" rolloff="0"/>
		<transponder frequency="11432000" symbol_rate="27500000" polarization="1" fec_inner="2" inversion="2" modulation="2" system="1" pilot="2" rolloff="0"/>
		<transponder frequency="11449000" symbol_rate="27500000" polarization="0" fec_inner="3" inversion="2" modulation="2" system="1" pilot="2" rolloff="0"/>
		<transponder frequency="11470000" symbol_rate="27500000" polarization="1" fec_inner="4" inversion="2" modulation="1" system="0"/>
		<transponder frequency="11488000" symbol_rate="27500000" polarization="0" fec_inner="4" inversion="2" modulation="1" system="0"/>
		<transponder frequency="11508000" symbol_rate="27500000" polarization="1" fec_inner="3" inversion="2" modulation="2" system="1" pilot="2" rolloff="2"/>
		<transponder frequency="11526000" symbol_rate="27500000" polarization="0" fec_inner="3" inversion="2" modulation="1" system="0"/>
		<transponder frequency="11541000" symbol_rate="22000000" polarization="1" fec_inner="4" inversion="2" modulation="1" system="0"/>
		<transponder frequency="11565000" symbol_rate="27500000" polarization="0" fec_inner="3" inversion="2" modulation="1" system="0"/>
		<transponder frequency="11585000" symbol_rate="27500000" polarization="1" fec_inner="3" inversion="2" modulation="1" system="0"/>
		<transponder frequency="11604000" symbol_rate="27500000" polarization="0" fec_inner="4" inversion="2" modulation="1" system="0"/>
		<transponder frequency="11623000" symbol_rate="27500000" polarization="1" fec_inner="3" inversion="2" modulation="1" system="0"/>
		<transponder frequency="11642000" symbol_rate="27500000" polarization="0" fec_inner="3" inversion="2" modulation="1" system="0"/>
		<transponder frequency="11662000" symbol_rate="27500000" polarization="1" fec_inner="3" inversion="2" modulation="2" system="1" pilot="2" rolloff="0"/>
		<transponder frequency="11662000" symbol_rate="27500000" polarization="1" fec_inner="3" inversion="2" modulation="1" system="0"/>
		<transponder frequency="11681000" symbol_rate="27500000" polarization="0" fec_inner="3" inversion="2" modulation="2" system="1" pilot="2" rolloff="0"/>
		<transponder frequency="11727000" symbol_rate="27500000" polarization="1" fec_inner="3" inversion="2" modulation="1" system="0"/>
		<transponder frequency="11747000" symbol_rate="27500000" polarization="0" fec_inner="3" inversion="2" modulation="1" system="0"/>
		<transponder frequency="11766000" symbol_rate="27500000" polarization="1" fec_inner="2" inversion="2" modulation="1" system="0"/>
		<transponder frequency="11785000" symbol_rate="29900000" polarization="0" fec_inner="3" inversion="2" modulation="2" system="1" pilot="2" rolloff="0"/>
		<transponder frequency="11804000" symbol_rate="27500000" polarization="1" fec_inner="2" inversion="2" modulation="1" system="0"/>
		<transponder frequency="11823000" symbol_rate="27500000" polarization="0" fec_inner="3" inversion="2" modulation="1" system="0"/>
		<transponder frequency="11842000" symbol_rate="29900000" polarization="1" fec_inner="3" inversion="2" modulation="2" system="1" pilot="2" rolloff="0"/>
		<transponder frequency="11862000" symbol_rate="29900000" polarization="0" fec_inner="4" inversion="2" modulation="1" system="0"/>
		<transponder frequency="11881000" symbol_rate="27500000" polarization="1" fec_inner="3" inversion="2" modulation="1" system="0"/>
		<transponder frequency="11900000" symbol_rate="29900000" polarization="0" fec_inner="3" inversion="2" modulation="2" system="1" pilot="2" rolloff="0"/>
		<transponder frequency="11919000" symbol_rate="27500000" polarization="1" fec_inner="2" inversion="2" modulation="2" system="1" pilot="2" rolloff="2"/>
		<transponder frequency="11938000" symbol_rate="27500000" polarization="0" fec_inner="3" inversion="2" modulation="2" system="1" pilot="2" rolloff="0"/>
		<transponder frequency="11958000" symbol_rate="27500000" polarization="1" fec_inner="3" inversion="2" modulation="1" system="0"/>
		<transponder frequency="11977000" symbol_rate="29900000" polarization="0" fec_inner="4" inversion="2" modulation="1" system="0"/>
		<transponder frequency="11996000" symbol_rate="29900000" polarization="1" fec_inner="3" inversion="2" modulation="2" system="1" pilot="2" rolloff="0"/>
		<transponder frequency="12015000" symbol_rate="27500000" polarization="0" fec_inner="3" inversion="2" modulation="1" system="0"/>
		<transponder frequency="12034000" symbol_rate="29900000" polarization="1" fec_inner="4" inversion="2" modulation="1" system="0"/>
		<transponder frequency="12054000" symbol_rate="29900000" polarization="0" fec_inner="4" inversion="2" modulation="1" system="0"/>
		<transponder frequency="12073000" symbol_rate="27500000" polarization="1" fec_inner="4" inversion="2" modulation="1" system="0"/>
		<transponder frequency="12092000" symbol_rate="29900000" polarization="0" fec_inner="3" inversion="2" modulation="2" system="1" pilot="2" rolloff="0"/>
		<transponder frequency="12111000" symbol_rate="27500000" polarization="1" fec_inner="3" inversion="2" modulation="1" system="0"/>
		<transponder frequency="12130000" symbol_rate="27500000" polarization="0" fec_inner="3" inversion="2" modulation="1" system="0"/>
		<transponder frequency="12149000" symbol_rate="27500000" polarization="1" fec_inner="3" inversion="2" modulation="1" system="0"/>
		<transponder frequency="12169000" symbol_rate="27500000" polarization="0" fec_inner="3" inversion="2" modulation="1" system="0"/>
		<transponder frequency="12188000" symbol_rate="27500000" polarization="1" fec_inner="4" inversion="2" modulation="1" system="0"/>
		<transponder frequency="12207000" symbol_rate="29900000" polarization="0" fec_inner="3" inversion="2" modulation="2" system="1" pilot="2" rolloff="0"/>
		<transponder frequency="12225000" symbol_rate="27500000" polarization="1" fec_inner="3" inversion="2" modulation="1" system="0"/>
		<transponder frequency="12245000" symbol_rate="27500000" polarization="0" fec_inner="3" inversion="2" modulation="1" system="0"/>
		<transponder frequency="12265000" symbol_rate="27500000" polarization="1" fec_inner="3" inversion="2" modulation="2" system="1" pilot="2" rolloff="0"/>
		<transponder frequency="12284000" symbol_rate="27500000" polarization="0" fec_inner="4" inversion="2" modulation="1" system="0"/>
		<transponder frequency="12303000" symbol_rate="27500000" polarization="1" fec_inner="3" inversion="2" modulation="2" system="1" pilot="2" rolloff="0"/>
		<transponder frequency="12322000" symbol_rate="27500000" polarization="0" fec_inner="3" inversion="2" modulation="1" system="0"/>
		<transponder frequency="12341000" symbol_rate="29900000" polarization="1" fec_inner="3" inversion="2" modulation="2" system="1" pilot="2" rolloff="0"/>
		<transponder frequency="12360000" symbol_rate="29900000" polarization="0" fec_inner="3" inversion="2" modulation="2" system="1" pilot="2" rolloff="0"/>
		<transponder frequency="12380000" symbol_rate="27500000" polarization="1" fec_inner="3" inversion="2" modulation="1" system="0"/>
		<transponder frequency="12399000" symbol_rate="27500000" polarization="0" fec_inner="3" inversion="2" modulation="1" system="0"/>
		<transponder frequency="12418000" symbol_rate="29900000" polarization="1" fec_inner="3" inversion="2" modulation="2" system="1" pilot="2" rolloff="0"/>
		<transponder frequency="12437000" symbol_rate="27500000" polarization="0" fec_inner="3" inversion="2" modulation="1" system="0"/>
		<transponder frequency="12466000" symbol_rate="29900000" polarization="1" fec_inner="2" inversion="2" modulation="2" system="1" pilot="2" rolloff="0"/>
		<transponder frequency="12476000" symbol_rate="29900000" polarization="0" fec_inner="3" inversion="2" modulation="2" system="1" pilot="2" rolloff="0"/>
		<transponder frequency="12520000" symbol_rate="27500000" polarization="1" fec_inner="3" inversion="2" modulation="1" system="0"/>
		<transponder frequency="12539000" symbol_rate="27500000" polarization="0" fec_inner="2" inversion="2" modulation="2" system="1" pilot="2" rolloff="0"/>
		<transponder frequency="12558000" symbol_rate="27500000" polarization="1" fec_inner="3" inversion="2" modulation="1" system="0"/>
		<transponder frequency="12577000" symbol_rate="27500000" polarization="0" fec_inner="3" inversion="2" modulation="2" system="1" pilot="2" rolloff="0"/>
		<transponder frequency="12597000" symbol_rate="27500000" polarization="1" fec_inner="3" inversion="2" modulation="1" system="0"/>
		<transponder frequency="12616000" symbol_rate="29900000" polarization="0" fec_inner="4" inversion="2" modulation="1" system="0"/>
		<transponder frequency="12635000" symbol_rate="29900000" polarization="1" fec_inner="4" inversion="2" modulation="1" system="0"/>
		<transponder frequency="12654000" symbol_rate="27500000" polarization="0" fec_inner="3" inversion="2" modulation="1" system="0"/>
		<transponder frequency="12673000" symbol_rate="27500000" polarization="1" fec_inner="4" inversion="2" modulation="1" system="0"/>
		<transponder frequency="12692000" symbol_rate="27500000" polarization="0" fec_inner="3" inversion="2" modulation="2" system="1" pilot="2" rolloff="0"/>
		<transponder frequency="12713000" symbol_rate="27500000" polarization="1" fec_inner="4" inversion="2" modulation="1" system="0"/>
		<transponder frequency="12731000" symbol_rate="29900000" polarization="0" fec_inner="3" inversion="2" modulation="2" system="1" pilot="2" rolloff="0"/>
	</sat>
	<sat name="03 Hispasat 30.0W" flags="0" position="-300">
		<transponder frequency="10730000" symbol_rate="30000000" polarization="1" fec_inner="3" inversion="2" modulation="2" system="1" pilot="2" rolloff="0"/>
		<transponder frequency="10730000" symbol_rate="27500000" polarization="0" fec_inner="3" inversion="2" modulation="0" system="0"/>
		<transponder frequency="10770000" symbol_rate="27500000" polarization="0" fec_inner="3" inversion="2" modulation="0" system="0"/>
		<transponder frequency="10810000" symbol_rate="27485000" polarization="0" fec_inner="3" inversion="2" modulation="1" system="1" pilot="2" rolloff="0"/>
		<transponder frequency="10850000" symbol_rate="30000000" polarization="1" fec_inner="0" inversion="2" modulation="1" system="1" pilot="2" rolloff="0"/>
		<transponder frequency="10890000" symbol_rate="27500000" polarization="1" fec_inner="3" inversion="2" modulation="0" system="0"/>
		<transponder frequency="10913000" symbol_rate="1950000" polarization="0" fec_inner="4" inversion="2" modulation="0" system="0"/>
		<transponder frequency="10915000" symbol_rate="2050000" polarization="0" fec_inner="4" inversion="2" modulation="0" system="0"/>
		<transponder frequency="10918000" symbol_rate="2000000" polarization="0" fec_inner="4" inversion="2" modulation="0" system="0"/>
		<transponder frequency="10921000" symbol_rate="1950000" polarization="0" fec_inner="4" inversion="2" modulation="0" system="0"/>
		<transponder frequency="10924000" symbol_rate="2050000" polarization="0" fec_inner="4" inversion="2" modulation="0" system="0"/>
		<transponder frequency="10930000" symbol_rate="2150000" polarization="0" fec_inner="4" inversion="2" modulation="0" system="0"/>
		<transponder frequency="10945000" symbol_rate="4800000" polarization="0" fec_inner="2" inversion="2" modulation="2" system="1" pilot="2" rolloff="0"/>
		<transponder frequency="11382000" symbol_rate="28000000" polarization="0" fec_inner="4" inversion="2" modulation="2" system="1" pilot="2" rolloff="0"/>
		<transponder frequency="11503000" symbol_rate="700000" polarization="1" fec_inner="3" inversion="2" modulation="0" system="0"/>
		<transponder frequency="11510000" symbol_rate="10000000" polarization="1" fec_inner="3" inversion="2" modulation="0" system="0"/>
		<transponder frequency="11577000" symbol_rate="27500000" polarization="1" fec_inner="4" inversion="2" modulation="0" system="0"/>
		<transponder frequency="11617000" symbol_rate="28875000" polarization="1" fec_inner="4" inversion="2" modulation="1" system="0"/>
		<transponder frequency="11640000" symbol_rate="1300000" polarization="0" fec_inner="5" inversion="2" modulation="0" system="0"/>
		<transponder frequency="11641000" symbol_rate="1500000" polarization="1" fec_inner="0" inversion="2" modulation="1" system="1" pilot="2" rolloff="0"/>
		<transponder frequency="11650000" symbol_rate="1010000" polarization="1" fec_inner="3" inversion="2" modulation="0" system="0"/>
		<transponder frequency="11731000" symbol_rate="30000000" polarization="0" fec_inner="3" inversion="2" modulation="2" system="1" pilot="2" rolloff="0"/>
		<transponder frequency="11731000" symbol_rate="27500000" polarization="1" fec_inner="3" inversion="2" modulation="0" system="0"/>
		<transponder frequency="11771000" symbol_rate="27500000" polarization="0" fec_inner="4" inversion="2" modulation="0" system="0"/>
		<transponder frequency="11771000" symbol_rate="27500000" polarization="1" fec_inner="3" inversion="2" modulation="0" system="0"/>
		<transponder frequency="11811000" symbol_rate="27500000" polarization="0" fec_inner="3" inversion="2" modulation="0" system="0"/>
		<transponder frequency="11811000" symbol_rate="27500000" polarization="1" fec_inner="3" inversion="2" modulation="0" system="0"/>
		<transponder frequency="11851000" symbol_rate="27500000" polarization="0" fec_inner="4" inversion="2" modulation="0" system="0"/>
		<transponder frequency="11851000" symbol_rate="27500000" polarization="1" fec_inner="3" inversion="2" modulation="0" system="0"/>
		<transponder frequency="11891000" symbol_rate="29000000" polarization="0" fec_inner="3" inversion="2" modulation="2" system="1" pilot="2" rolloff="0"/>
		<transponder frequency="11891000" symbol_rate="30000000" polarization="1" fec_inner="4" inversion="2" modulation="0" system="0"/>
		<transponder frequency="11931000" symbol_rate="27500000" polarization="1" fec_inner="3" inversion="2" modulation="0" system="0"/>
		<transponder frequency="12012000" symbol_rate="30000000" polarization="0" fec_inner="3" inversion="2" modulation="2" system="1" pilot="2" rolloff="0"/>
		<transponder frequency="12052000" symbol_rate="30000000" polarization="0" fec_inner="3" inversion="2" modulation="2" system="1" pilot="2" rolloff="0"/>
		<transponder frequency="12092000" symbol_rate="30000000" polarization="0" fec_inner="3" inversion="2" modulation="2" system="1" pilot="2" rolloff="0"/>
		<transponder frequency="12092000" symbol_rate="27500000" polarization="1" fec_inner="3" inversion="2" modulation="0" system="0"/>
		<transponder frequency="12130000" symbol_rate="27500000" polarization="0" fec_inner="3" inversion="2" modulation="2" system="1" pilot="2" rolloff="2"/>
		<transponder frequency="12149000" symbol_rate="27500000" polarization="1" fec_inner="4" inversion="2" modulation="0" system="0"/>
		<transponder frequency="12168000" symbol_rate="27500000" polarization="0" fec_inner="3" inversion="2" modulation="2" system="1" pilot="2" rolloff="2"/>
		<transponder frequency="12187000" symbol_rate="27500000" polarization="1" fec_inner="4" inversion="2" modulation="0" system="0"/>
		<transponder frequency="12207000" symbol_rate="27500000" polarization="0" fec_inner="3" inversion="2" modulation="2" system="1" pilot="2" rolloff="2"/>
		<transponder frequency="12226000" symbol_rate="27500000" polarization="1" fec_inner="3" inversion="2" modulation="0" system="0"/>
		<transponder frequency="12246000" symbol_rate="27500000" polarization="0" fec_inner="3" inversion="2" modulation="2" system="1" pilot="2" rolloff="2"/>
		<transponder frequency="12266000" symbol_rate="27500000" polarization="1" fec_inner="4" inversion="2" modulation="2" system="1" pilot="2" rolloff="0"/>
		<transponder frequency="12303000" symbol_rate="27500000" polarization="1" fec_inner="3" inversion="2" modulation="0" system="0"/>
		<transponder frequency="12322000" symbol_rate="27500000" polarization="0" fec_inner="3" inversion="2" modulation="0" system="0"/>
		<transponder frequency="12341000" symbol_rate="27500000" polarization="1" fec_inner="5" inversion="2" modulation="0" system="0"/>
		<transponder frequency="12360000" symbol_rate="27500000" polarization="0" fec_inner="4" inversion="2" modulation="0" system="0"/>
		<transponder frequency="12379000" symbol_rate="27500000" polarization="1" fec_inner="3" inversion="2" modulation="1" system="0"/>
		<transponder frequency="12398000" symbol_rate="29000000" polarization="0" fec_inner="3" inversion="2" modulation="2" system="1" pilot="2" rolloff="0"/>
		<transponder frequency="12418000" symbol_rate="27500000" polarization="1" fec_inner="4" inversion="2" modulation="0" system="0"/>
		<transponder frequency="12437000" symbol_rate="27500000" polarization="0" fec_inner="3" inversion="2" modulation="2" system="1" pilot="2" rolloff="0"/>
		<transponder frequency="12456000" symbol_rate="30000000" polarization="1" fec_inner="4" inversion="2" modulation="0" system="0"/>
		<transponder frequency="12476000" symbol_rate="27500000" polarization="0" fec_inner="4" inversion="2" modulation="0" system="0"/>
		<transponder frequency="12591000" symbol_rate="30000000" polarization="1" fec_inner="5" inversion="2" modulation="0" system="0"/>
		<transponder frequency="12700000" symbol_rate="1483000" polarization="1" fec_inner="3" inversion="2" modulation="0" system="0"/>
		<transponder frequency="12705000" symbol_rate="2222000" polarization="1" fec_inner="3" inversion="2" modulation="0" system="0"/>
	</sat>
</satellites>
